{
  "entries": [
    {
      "text": "You are safe now.\nEven if the world forgot, your body remembers how to breathe.\nThat is enough for today.",
      "overlay": "neo-veil-protector"
    },
    {
      "text": "Progress is not linear.\nHealing spirals, revisits, circles back.\nEvery loop means you are still moving.",
      "overlay": "neo-veil-protector"
    },
    {
      "text": "Your worth is not a reward.\nIt is origin.\nIt was never up for negotiation.",
      "overlay": "neo-veil-protector"
    },
    {
      "text": "You survived nights that tried to erase you.\nThat makes you luminous by definition.",
      "overlay": "neo-veil-protector"
    },
    {
      "text": "Rest is a form of resistance.\nYou do not have to earn permission to stop.",
      "overlay": "neo-veil-protector"
    },
    {
      "text": "Your softness is not weakness.\nIt is tensile strength disguised as tenderness.",
      "overlay": "neo-veil-protector"
    },
    {
      "text": "You belong in every room you enter.\nEven the ones that pretend otherwise.",
      "overlay": "neo-veil-protector"
    },
    {
      "text": "There is no deadline for becoming yourself.",
      "overlay": "neo-veil-protector"
    },
    {
      "text": "You are not behind.\nYou are precisely where the lesson lives.",
      "overlay": "neo-veil-protector"
    },
    {
      "text": "When the voice in your head grows cruel,\nremember—it learned from someone unhealed.\nTeach it new language.",
      "overlay": "neo-veil-protector"
    },
    {
      "text": "Some days courage looks like brushing your teeth.\nDo not underestimate the sacredness of ordinary survival.",
      "overlay": "neo-veil-protector"
    },
    {
      "text": "Joy does not erase grief.\nThey coexist like sunrise over ruins.",
      "overlay": "neo-veil-protector"
    },
    {
      "text": "You have been many versions of yourself.\nEach one built the bridge to now.\nHonor their labor.",
      "overlay": "neo-veil-protector"
    },
    {
      "text": "Your body is not your enemy.\nIt is a chronicle that kept you alive.",
      "overlay": "neo-veil-protector"
    },
    {
      "text": "Silence can be holy.\nYou do not need to perform healing for witnesses.",
      "overlay": "neo-veil-protector"
    },
    {
      "text": "Breathe like it’s a declaration of autonomy.",
      "overlay": "neo-veil-protector"
    },
    {
      "text": "You are not too much.\nYou are the exact voltage required to light your own path.",
      "overlay": "neo-veil-protector"
    },
    {
      "text": "Growth is messy by design.\nFlowers ruin the soil that feeds them.",
      "overlay": "neo-veil-protector"
    },
    {
      "text": "You owe no one the version of you that kept them comfortable.",
      "overlay": "neo-veil-protector"
    },
    {
      "text": "The storm inside you is weather, not identity.\nIt passes.\nAlways has.",
      "overlay": "neo-veil-protector"
    },
    {
      "text": "Even cracked vessels hold light.\nSometimes because of the cracks.",
      "overlay": "neo-veil-protector"
    },
    {
      "text": "Healing is not forgetting.\nIt is remembering without bleeding.",
      "overlay": "neo-veil-protector"
    },
    {
      "text": "You can start over mid-sentence, mid-year, mid-life.\nThere is no statute of limitations on renewal.",
      "overlay": "neo-veil-protector"
    },
    {
      "text": "Your tenderness is an act of defiance in an economy of apathy.",
      "overlay": "neo-veil-protector"
    },
    {
      "text": "Some days your only job is to stay.\nThat counts as triumph.",
      "overlay": "neo-veil-protector"
    },
    {
      "text": "The light you keep seeking is already leaking from your ribcage.",
      "overlay": "neo-veil-protector"
    },
    {
      "text": "You were never meant to be polished.\nYou were meant to be real.",
      "overlay": "neo-veil-protector"
    },
    {
      "text": "Let the future find you resting, not rushing.",
      "overlay": "neo-veil-protector"
    },
    {
      "text": "Every breath rewritten is proof of autonomy.",
      "overlay": "neo-veil-protector"
    },
    {
      "text": "You are not unfinished.\nYou are evolving in public.\nThat is bravery.",
      "overlay": "neo-veil-protector"
    },
    {
      "text": "Forgive yourself for the years you thought survival was weakness.",
      "overlay": "neo-veil-protector"
    },
    {
      "text": "Hope is not naïve.\nIt’s cellular rebellion.",
      "overlay": "neo-veil-protector"
    },
    {
      "text": "Your boundaries are a love language.",
      "overlay": "neo-veil-protector"
    },
    {
      "text": "You can be both grateful and grieving.\nThey do not cancel each other.\nThey complete each other.",
      "overlay": "neo-veil-protector"
    },
    {
      "text": "You carry your ancestors’ unfinished songs.\nEach breath is a continuation.",
      "overlay": "neo-veil-protector"
    },
    {
      "text": "Perfection is exile.\nCome home to imperfection—it has been waiting with soup.",
      "overlay": "neo-veil-protector"
    },
    {
      "text": "You have survived all your worst predictions so far.\nStatistically, hope is justified.",
      "overlay": "neo-veil-protector"
    },
    {
      "text": "You do not need to be loud to be powerful.\nWhispers have moved revolutions.",
      "overlay": "neo-veil-protector"
    },
    {
      "text": "Healing is not a destination.\nIt’s the language your life keeps learning.",
      "overlay": "neo-veil-protector"
    },
    {
      "text": "You are allowed to take up sacred space.\nEven here. Especially here.",
      "overlay": "neo-veil-protector"
    }
  ]
}
