{
  "entries": [
    {
      "text": "The Healer does not fix.\nShe witnesses.\nHealing begins where shame ends.",
      "overlay": "neo-veil-archetype"
    },
    {
      "text": "The Warrior learns compassion last.\nOnly then is the sword no longer needed.",
      "overlay": "neo-veil-archetype"
    },
    {
      "text": "The Lover speaks in vulnerability.\nEvery confession is a prayer disguised as risk.",
      "overlay": "neo-veil-archetype"
    },
    {
      "text": "The Shadow does not hate you.\nIt wants to be integrated, not exiled.",
      "overlay": "neo-veil-archetype"
    },
    {
      "text": "The Sage remembers so others may forget their fear.",
      "overlay": "neo-veil-archetype"
    },
    {
      "text": "The Fool is divine intelligence pretending to be naïve.\nWithout him, no journey begins.",
      "overlay": "neo-veil-archetype"
    },
    {
      "text": "The Creator suffers beauty into being.\nEvery masterpiece begins with rupture.",
      "overlay": "neo-veil-archetype"
    },
    {
      "text": "The Orphan learns belonging through self-recognition.",
      "overlay": "neo-veil-archetype"
    },
    {
      "text": "The Rebel is tenderness with armor.\nThey love truth enough to risk approval.",
      "overlay": "neo-veil-archetype"
    },
    {
      "text": "The Mother archetype births not only bodies, but worlds.",
      "overlay": "neo-veil-archetype"
    },
    {
      "text": "The Magician translates energy into meaning.\nHe turns trauma into teaching.",
      "overlay": "neo-veil-archetype"
    },
    {
      "text": "The Child trusts the universe by instinct.\nEvery miracle begins there.",
      "overlay": "neo-veil-archetype"
    },
    {
      "text": "The Destroyer’s chaos clears space for renewal.\nDestruction is the sibling of creation.",
      "overlay": "neo-veil-archetype"
    },
    {
      "text": "The Mentor never saves.\nThey simply hold the torch until you remember fire.",
      "overlay": "neo-veil-archetype"
    },
    {
      "text": "The Seeker is the ache for elsewhere.\nBut what they truly seek is wholeness.",
      "overlay": "neo-veil-archetype"
    },
    {
      "text": "The Trickster is divine mischief.\nHe exposes hypocrisy through laughter.",
      "overlay": "neo-veil-archetype"
    },
    {
      "text": "The Sovereign rules nothing but themselves.\nThat is enough empire for a lifetime.",
      "overlay": "neo-veil-archetype"
    },
    {
      "text": "The Caregiver forgets herself until she remembers she is also sacred.",
      "overlay": "neo-veil-archetype"
    },
    {
      "text": "The Mystic dissolves into the question and finds home there.",
      "overlay": "neo-veil-archetype"
    },
    {
      "text": "The Judge’s power is not punishment.\nIt is discernment without ego.",
      "overlay": "neo-veil-archetype"
    },
    {
      "text": "The Hero returns with medicine, not medals.",
      "overlay": "neo-veil-archetype"
    },
    {
      "text": "The Shadow becomes ally the moment you stop fearing mirrors.",
      "overlay": "neo-veil-archetype"
    },
    {
      "text": "The Healer’s hands tremble — that’s how light escapes the fingertips.",
      "overlay": "neo-veil-archetype"
    },
    {
      "text": "The Sage’s silence is not emptiness.\nIt’s capacity.",
      "overlay": "neo-veil-archetype"
    },
    {
      "text": "The Lover is the bridge between flesh and eternity.",
      "overlay": "neo-veil-archetype"
    },
    {
      "text": "The Creator fails more than she succeeds.\nThat is her apprenticeship to wonder.",
      "overlay": "neo-veil-archetype"
    },
    {
      "text": "The Rebel’s anger is compassion in disguise.\nIt burns to protect the innocent.",
      "overlay": "neo-veil-archetype"
    },
    {
      "text": "The Fool dances on the ruins of certainty.\nHe alone remembers that joy is wisdom in motion.",
      "overlay": "neo-veil-archetype"
    },
    {
      "text": "The Magician’s wand is focus.\nWhat you attend to, you animate.",
      "overlay": "neo-veil-archetype"
    },
    {
      "text": "The Mother archetype feeds what others neglect.\nShe restores the rhythm of enough.",
      "overlay": "neo-veil-archetype"
    },
    {
      "text": "The Child teaches the adult how to wonder again.",
      "overlay": "neo-veil-archetype"
    },
    {
      "text": "The Destroyer loves truth enough to burn illusion.",
      "overlay": "neo-veil-archetype"
    },
    {
      "text": "The Mentor walks beside, not ahead.\nGuidance is companionship, not control.",
      "overlay": "neo-veil-archetype"
    },
    {
      "text": "The Seeker never finds the end of the path.\nOnly new questions worth walking for.",
      "overlay": "neo-veil-archetype"
    },
    {
      "text": "The Trickster hides medicine in mischief.",
      "overlay": "neo-veil-archetype"
    },
    {
      "text": "The Sovereign rules through example.\nPower that serves becomes peace.",
      "overlay": "neo-veil-archetype"
    },
    {
      "text": "The Caregiver’s tenderness is revolution in slow motion.",
      "overlay": "neo-veil-archetype"
    },
    {
      "text": "The Mystic listens to what silence says when no one else will.",
      "overlay": "neo-veil-archetype"
    },
    {
      "text": "The Judge learns mercy last — that’s when wisdom becomes human.",
      "overlay": "neo-veil-archetype"
    },
    {
      "text": "You carry every archetype within you.\nThey rise as needed.\nThey rest when honored.",
      "overlay": "neo-veil-archetype"
    }
  ]
}
