{
  "entries": [
    {
      "text": "You are not in nature.\nYou are nature noticing itself.",
      "overlay": "neo-veil-earth"
    },
    {
      "text": "The same atoms that make your lungs once burned in stars.\nBreathing is cosmic recycling.",
      "overlay": "neo-veil-earth"
    },
    {
      "text": "Soil is not dirt.\nIt’s living architecture — billions of unseen agreements.",
      "overlay": "neo-veil-earth"
    },
    {
      "text": "Every forest is a library.\nEach tree a page of carbon memory.",
      "overlay": "neo-veil-earth"
    },
    {
      "text": "The ocean writes its poetry in waves.\nWe only hear the punctuation.",
      "overlay": "neo-veil-earth"
    },
    {
      "text": "You inhale what trees exhale.\nSymbiosis is not philosophy — it’s anatomy.",
      "overlay": "neo-veil-earth"
    },
    {
      "text": "Extinction is silence that never stops echoing.",
      "overlay": "neo-veil-earth"
    },
    {
      "text": "Moss teaches patience.\nIt thrives on shadow and time.",
      "overlay": "neo-veil-earth"
    },
    {
      "text": "When coral dies, color leaves the water.\nBeauty and survival have always shared blood.",
      "overlay": "neo-veil-earth"
    },
    {
      "text": "Light travels 93 million miles to touch a single leaf.\nMiracle is a daily event, not a metaphor.",
      "overlay": "neo-veil-earth"
    },
    {
      "text": "What we call waste, nature calls food.",
      "overlay": "neo-veil-earth"
    },
    {
      "text": "Rain is the earth’s handwriting on its own skin.",
      "overlay": "neo-veil-earth"
    },
    {
      "text": "There is no 'away' to throw things.\nEverything circles back — eventually, into us.",
      "overlay": "neo-veil-earth"
    },
    {
      "text": "The planet is not fragile.\nIt is ancient and adaptive.\nBut we might not be.",
      "overlay": "neo-veil-earth"
    },
    {
      "text": "Each species is a line in a prayer you don’t know you’re saying.",
      "overlay": "neo-veil-earth"
    },
    {
      "text": "The river remembers shapes of hands that once cupped it.",
      "overlay": "neo-veil-earth"
    },
    {
      "text": "Bees invented democracy before humans did.\nEvery decision is made by vibration and consensus.",
      "overlay": "neo-veil-earth"
    },
    {
      "text": "Clouds are the mind of the ocean wandering skyward.",
      "overlay": "neo-veil-earth"
    },
    {
      "text": "The earth has survived ice ages, extinctions, and firestorms.\nIt asks only for respect — not rescue.",
      "overlay": "neo-veil-earth"
    },
    {
      "text": "Mountains grow tired too.\nThat’s why they crumble into valleys.\nRest is geological.",
      "overlay": "neo-veil-earth"
    },
    {
      "text": "Pollution is language made careless.\nIt turns dialogue into noise.",
      "overlay": "neo-veil-earth"
    },
    {
      "text": "Every raindrop has been here before.\nThere is no new water — only new thirst.",
      "overlay": "neo-veil-earth"
    },
    {
      "text": "Fire is not destruction.\nIt is transformation at unbearable speed.",
      "overlay": "neo-veil-earth"
    },
    {
      "text": "Whales sing in dialects.\nLanguage existed in saltwater long before ink.",
      "overlay": "neo-veil-earth"
    },
    {
      "text": "You carry forests in your blood.\nEvery breath has been filtered by leaves older than civilization.",
      "overlay": "neo-veil-earth"
    },
    {
      "text": "Plastic is fossilized sunlight trapped in the wrong form.",
      "overlay": "neo-veil-earth"
    },
    {
      "text": "The moon pulls not only oceans, but moods.\nYou are 70% tide.",
      "overlay": "neo-veil-earth"
    },
    {
      "text": "Diversity is resilience made visible.",
      "overlay": "neo-veil-earth"
    },
    {
      "text": "Predators keep balance.\nWithout wolves, the forest forgets its rhythm.",
      "overlay": "neo-veil-earth"
    },
    {
      "text": "A tree’s shadow is its signature on sunlight.",
      "overlay": "neo-veil-earth"
    },
    {
      "text": "Every fossil is time folded into stone.\nArchaeology is the planet rereading itself.",
      "overlay": "neo-veil-earth"
    },
    {
      "text": "Wind is the oldest storyteller.\nIt speaks fluent pollen and distance.",
      "overlay": "neo-veil-earth"
    },
    {
      "text": "The body’s calcium comes from dead stars.\nYou are a walking remnant of supernovae.",
      "overlay": "neo-veil-earth"
    },
    {
      "text": "When the last bee dies, silence will have weight.",
      "overlay": "neo-veil-earth"
    },
    {
      "text": "Composting is resurrection performed by microbes.",
      "overlay": "neo-veil-earth"
    },
    {
      "text": "A river’s purpose is movement.\nStillness, for it, is death.",
      "overlay": "neo-veil-earth"
    },
    {
      "text": "Symbiosis is love without metaphor.",
      "overlay": "neo-veil-earth"
    },
    {
      "text": "Every climate record is an autobiography written in ice.",
      "overlay": "neo-veil-earth"
    },
    {
      "text": "The seed doesn’t argue with the dark.\nIt knows growth begins unseen.",
      "overlay": "neo-veil-earth"
    },
    {
      "text": "To heal the earth, start by listening.\nSilence is part of the conversation.",
      "overlay": "neo-veil-earth"
    },
    {
      "text": "You are the planet, temporarily remembering itself through consciousness.",
      "overlay": "neo-veil-earth"
    }
  ]
}

