{
  "entries": [
    {
      "text": "Money is a language of trust.\nInflation is when that language forgets its meaning.",
      "overlay": "neo-veil-market"
    },
    {
      "text": "An economy is not numbers.\nIt is a story of who eats and who is forgotten.",
      "overlay": "neo-veil-market"
    },
    {
      "text": "Value is not price.\nPrice is noise; value is resonance.",
      "overlay": "neo-veil-market"
    },
    {
      "text": "When greed becomes culture, collapse becomes correction.",
      "overlay": "neo-veil-market"
    },
    {
      "text": "Productivity without rest is extraction, not growth.",
      "overlay": "neo-veil-market"
    },
    {
      "text": "Scarcity is often distribution, not reality.",
      "overlay": "neo-veil-market"
    },
    {
      "text": "A healthy economy begins with empathy.\nEverything else is accounting.",
      "overlay": "neo-veil-market"
    },
    {
      "text": "Debt is memory with interest.",
      "overlay": "neo-veil-market"
    },
    {
      "text": "When labor loses dignity, markets lose meaning.",
      "overlay": "neo-veil-market"
    },
    {
      "text": "Capital is not evil.\nBut unchecked, it forgets the hands that built it.",
      "overlay": "neo-veil-market"
    },
    {
      "text": "Wealth is neutral.\nMorality enters in how it circulates.",
      "overlay": "neo-veil-market"
    },
    {
      "text": "Growth without redistribution is metastasis.",
      "overlay": "neo-veil-market"
    },
    {
      "text": "Markets are mirrors of collective desire.\nRegulation is conscience translated into policy.",
      "overlay": "neo-veil-market"
    },
    {
      "text": "Every transaction is a moral decision disguised as math.",
      "overlay": "neo-veil-market"
    },
    {
      "text": "The invisible hand still needs a heart.",
      "overlay": "neo-veil-market"
    },
    {
      "text": "Profit is not purpose.\nPurpose is what keeps profit human.",
      "overlay": "neo-veil-market"
    },
    {
      "text": "Consumption fills space where connection once lived.",
      "overlay": "neo-veil-market"
    },
    {
      "text": "Poverty is not the absence of money.\nIt is the absence of access and design.",
      "overlay": "neo-veil-market"
    },
    {
      "text": "Wealth concentration is gravity without friction.\nIt pulls everything inward until systems collapse.",
      "overlay": "neo-veil-market"
    },
    {
      "text": "Equality and efficiency are not enemies.\nThey are siblings in balance.",
      "overlay": "neo-veil-market"
    },
    {
      "text": "Taxation, at its best, is gratitude structured into law.",
      "overlay": "neo-veil-market"
    },
    {
      "text": "Inflation is the market's way of reminding us that trust has cost.",
      "overlay": "neo-veil-market"
    },
    {
      "text": "GDP measures activity, not wellbeing.\nA riot and a rescue both count the same.",
      "overlay": "neo-veil-market"
    },
    {
      "text": "Human capital is not a metaphor.\nIt is a call to treat minds as sacred infrastructure.",
      "overlay": "neo-veil-market"
    },
    {
      "text": "Behavioral economics begins where morality falters.",
      "overlay": "neo-veil-market"
    },
    {
      "text": "The stock market is emotion quantified.\nFear and greed, rendered in candlesticks.",
      "overlay": "neo-veil-market"
    },
    {
      "text": "Wealth is relational.\nIts real measure is how many others rise with you.",
      "overlay": "neo-veil-market"
    },
    {
      "text": "The opposite of exploitation is cooperation.",
      "overlay": "neo-veil-market"
    },
    {
      "text": "Inflation erodes trust faster than it erodes value.",
      "overlay": "neo-veil-market"
    },
    {
      "text": "Trickle-down economics assumes gravity works on empathy.\nIt rarely does.",
      "overlay": "neo-veil-market"
    },
    {
      "text": "Unpaid labor is the hidden subsidy of every empire.",
      "overlay": "neo-veil-market"
    },
    {
      "text": "Markets forget history when they price the future.",
      "overlay": "neo-veil-market"
    },
    {
      "text": "Credit is collective memory.\nDefault is collective amnesia.",
      "overlay": "neo-veil-market"
    },
    {
      "text": "When profit margins widen, moral margins often shrink.",
      "overlay": "neo-veil-market"
    },
    {
      "text": "A surplus of goods with a deficit of meaning is not prosperity.",
      "overlay": "neo-veil-market"
    },
    {
      "text": "Recessions are not punishments.\nThey are pauses that reveal priorities.",
      "overlay": "neo-veil-market"
    },
    {
      "text": "Automation is not the enemy.\nAlienation is.",
      "overlay": "neo-veil-market"
    },
    {
      "text": "The invisible hand trembles without justice.",
      "overlay": "neo-veil-market"
    },
    {
      "text": "Money amplifies character.\nIt does not create it.",
      "overlay": "neo-veil-market"
    },
    {
      "text": "True wealth is the ability to stop hustling and still belong.",
      "overlay": "neo-veil-market"
    },
    {
      "text": "An ethical economy is one where generosity compounds faster than interest.",
      "overlay": "neo-veil-market"
    }
  ]
}
