{
  "entries": [
    {
      "text": "Kindness is not weakness.\nIt’s the quiet courage to remain human when the world forgets.",
      "overlay": "neo-veil-kindness"
    },
    {
      "text": "You never know who is standing on the edge.\nYour gentleness might be the thing that keeps them from falling.",
      "overlay": "neo-veil-kindness"
    },
    {
      "text": "Compassion costs little.\nIndifference bankrupts the soul.",
      "overlay": "neo-veil-kindness"
    },
    {
      "text": "Kindness is a language every nervous system understands.",
      "overlay": "neo-veil-kindness"
    },
    {
      "text": "You can be right or you can be kind.\nOnly one of those will still matter tomorrow.",
      "overlay": "neo-veil-kindness"
    },
    {
      "text": "The way you speak to others becomes their inner voice.\nChoose your words with tenderness.",
      "overlay": "neo-veil-kindness"
    },
    {
      "text": "Kindness does not ask for witnesses.\nIt grows best in the unrecorded moments.",
      "overlay": "neo-veil-kindness"
    },
    {
      "text": "Anger is often grief in armor.\nMeet it with curiosity, not retaliation.",
      "overlay": "neo-veil-kindness"
    },
    {
      "text": "Kindness isn’t a gesture.\nIt’s an atmosphere.",
      "overlay": "neo-veil-kindness"
    },
    {
      "text": "Everyone you meet is grieving something invisible.\nTread accordingly.",
      "overlay": "neo-veil-kindness"
    },
    {
      "text": "Kindness asks for no conversion — only recognition.",
      "overlay": "neo-veil-kindness"
    },
    {
      "text": "Sarcasm wounds deeper than truth ever could.\nBe careful which one you choose.",
      "overlay": "neo-veil-kindness"
    },
    {
      "text": "Forgiveness is a gift you give yourself first.",
      "overlay": "neo-veil-kindness"
    },
    {
      "text": "Kindness does not mean silence.\nIt means truth spoken gently.",
      "overlay": "neo-veil-kindness"
    },
    {
      "text": "Every act of cruelty begins with a failure of imagination.",
      "overlay": "neo-veil-kindness"
    },
    {
      "text": "You can disagree without dismembering.",
      "overlay": "neo-veil-kindness"
    },
    {
      "text": "Kindness is rebellion in an economy of apathy.",
      "overlay": "neo-veil-kindness"
    },
    {
      "text": "A kind word said once can echo through decades.",
      "overlay": "neo-veil-kindness"
    },
    {
      "text": "Kindness is the only wealth that multiplies when spent.",
      "overlay": "neo-veil-kindness"
    },
    {
      "text": "Listening is the first act of love.",
      "overlay": "neo-veil-kindness"
    },
    {
      "text": "When you have the choice to be cruel or kind, remember: cruelty is temporary power, kindness is permanent influence.",
      "overlay": "neo-veil-kindness"
    },
    {
      "text": "No apology can undo harm.\nBut kindness can prevent its repetition.",
      "overlay": "neo-veil-kindness"
    },
    {
      "text": "Kindness is not the opposite of strength.\nIt is strength under control.",
      "overlay": "neo-veil-kindness"
    },
    {
      "text": "You are not too small to make gentleness contagious.",
      "overlay": "neo-veil-kindness"
    },
    {
      "text": "Cynicism feels like intelligence.\nIt’s usually exhaustion.",
      "overlay": "neo-veil-kindness"
    },
    {
      "text": "Kindness repairs what pride destroys.",
      "overlay": "neo-veil-kindness"
    },
    {
      "text": "Every cruelty you refuse to repeat is evolution.",
      "overlay": "neo-veil-kindness"
    },
    {
      "text": "Be kind to the parts of yourself still learning.",
      "overlay": "neo-veil-kindness"
    },
    {
      "text": "Kindness is slow medicine.\nIt doesn’t always heal first — it heals last, and deeply.",
      "overlay": "neo-veil-kindness"
    },
    {
      "text": "The smallest kindness rearranges entire systems of despair.",
      "overlay": "neo-veil-kindness"
    },
    {
      "text": "Empathy doesn’t excuse harm.\nIt explains it — so it can be transformed.",
      "overlay": "neo-veil-kindness"
    },
    {
      "text": "Sometimes kindness is a boundary.\nSometimes it’s silence.\nAlways it’s respect.",
      "overlay": "neo-veil-kindness"
    },
    {
      "text": "Kindness survives every extinction event.\nIt’s the oldest intelligence on Earth.",
      "overlay": "neo-veil-kindness"
    },
    {
      "text": "There’s courage in gentleness.\nOnly the self-assured can afford to be kind.",
      "overlay": "neo-veil-kindness"
    },
    {
      "text": "Be kinder than what hurt you.\nThat’s how cycles break.",
      "overlay": "neo-veil-kindness"
    },
    {
      "text": "Kindness is remembering that you, too, have needed mercy.",
      "overlay": "neo-veil-kindness"
    },
    {
      "text": "Every time you choose kindness, you lower the temperature of the whole world by a degree.",
      "overlay": "neo-veil-kindness"
    },
    {
      "text": "Kindness turns strangers into ancestors.",
      "overlay": "neo-veil-kindness"
    },
    {
      "text": "Even when the world is cruel, be kind.\nNot because they deserve it — but because you do.",
      "overlay": "neo-veil-kindness"
    },
    {
      "text": "Let kindness be your default setting.\nReboot the world through grace.",
      "overlay": "neo-veil-kindness"
    }
  ]
}
