{
  "entries": [
    {
      "text": "Neurons that fire together wire together.\nBut they can also unwire.\nEvery new thought is a quiet rebellion against the past.",
      "overlay": "neo-veil-concept"
    },
    {
      "text": "Your brain edits memories every time you recall them.\nYou are a living rewrite.\nNothing in you is static.",
      "overlay": "neo-veil-concept"
    },
    {
      "text": "The nervous system cannot tell the difference between imagination and reality.\nSo imagine gently.",
      "overlay": "neo-veil-concept"
    },
    {
      "text": "Crying is a parasympathetic reset.\nTears release oxytocin and endorphins.\nGrief is biochemistry’s way of letting go.",
      "overlay": "neo-veil-concept"
    },
    {
      "text": "Your skin renews itself every month.\nYou have already shed who they said you were.",
      "overlay": "neo-veil-concept"
    },
    {
      "text": "When you name an emotion, the amygdala calms down.\nLanguage is medicine.",
      "overlay": "neo-veil-concept"
    },
    {
      "text": "Trauma literally reshapes the brain.\nSo does safety.\nBoth are sculptors. Choose which hands you stay in.",
      "overlay": "neo-veil-concept"
    },
    {
      "text": "Humans are 60% water and 100% stories.",
      "overlay": "neo-veil-concept"
    },
    {
      "text": "Laughter triggers the vagus nerve.\nYour body interprets it as proof of safety.",
      "overlay": "neo-veil-concept"
    },
    {
      "text": "Dopamine doesn’t create happiness.\nIt creates anticipation.\nJoy lives in presence, not pursuit.",
      "overlay": "neo-veil-concept"
    },
    {
      "text": "Your heart sends more signals to your brain than your brain sends to your heart.\nFeelings have authority.",
      "overlay": "neo-veil-concept"
    },
    {
      "text": "When you breathe out longer than you breathe in,\nyour body believes the danger has passed.",
      "overlay": "neo-veil-concept"
    },
    {
      "text": "Dreaming is memory integration.\nThe psyche declutters at night.",
      "overlay": "neo-veil-concept"
    },
    {
      "text": "Loneliness registers in the same brain region as physical pain.\nConnection is survival, not luxury.",
      "overlay": "neo-veil-concept"
    },
    {
      "text": "Your gut hosts more neurons than a cat’s brain.\nListen to your intuition—it’s literal intelligence.",
      "overlay": "neo-veil-concept"
    },
    {
      "text": "Learning something new triggers dopamine.\nCuriosity is a chemical antidepressant.",
      "overlay": "neo-veil-concept"
    },
    {
      "text": "In the womb, your heartbeat was the first sound you heard.\nYou are rhythm before language.",
      "overlay": "neo-veil-concept"
    },
    {
      "text": "A single act of kindness activates reward circuits in both giver and receiver.\nEmpathy is contagious by design.",
      "overlay": "neo-veil-concept"
    },
    {
      "text": "Cortisol peaks in the morning.\nThat’s why anxiety often wakes before you do.",
      "overlay": "neo-veil-concept"
    },
    {
      "text": "Mirror neurons fire when you see someone feel.\nYour empathy is cellular, not sentimental.",
      "overlay": "neo-veil-concept"
    },
    {
      "text": "The brain is 75% water and entirely electric.\nYou are thunder wrapped in skin.",
      "overlay": "neo-veil-concept"
    },
    {
      "text": "Your DNA contains instructions for repair.\nEven at the molecular level, you are designed to heal.",
      "overlay": "neo-veil-concept"
    },
    {
      "text": "The average human thought lasts seven seconds.\nChoose which ones you renew.",
      "overlay": "neo-veil-concept"
    },
    {
      "text": "Touch lowers heart rate and blood pressure.\nWe were never meant to survive without each other.",
      "overlay": "neo-veil-concept"
    },
    {
      "text": "Every cell in your body carries a memory of light.\nPhotosynthesis is your distant inheritance.",
      "overlay": "neo-veil-concept"
    },
    {
      "text": "Stress isn’t the enemy.\nIt’s the body’s way of preparing for transformation.\nRecovery is the missing half of the equation.",
      "overlay": "neo-veil-concept"
    },
    {
      "text": "You can grow new neurons at any age.\nNeurogenesis is proof that becoming never stops.",
      "overlay": "neo-veil-concept"
    },
    {
      "text": "Adrenaline lasts two minutes.\nFear lingers only as long as the story you tell about it.",
      "overlay": "neo-veil-concept"
    },
    {
      "text": "Sunlight triggers serotonin.\nMorning light is an antidepressant written by the cosmos.",
      "overlay": "neo-veil-concept"
    },
    {
      "text": "Writing accesses both hemispheres of the brain.\nThat’s why journaling feels like dialogue with yourself.",
      "overlay": "neo-veil-concept"
    },
    {
      "text": "Smiling tricks the brain into releasing dopamine.\nJoy can be reverse-engineered.",
      "overlay": "neo-veil-concept"
    },
    {
      "text": "The body’s pain and pleasure pathways overlap.\nThat’s why healing often hurts first.",
      "overlay": "neo-veil-concept"
    },
    {
      "text": "Every thought alters blood chemistry.\nBelief is biology.",
      "overlay": "neo-veil-concept"
    },
    {
      "text": "The prefrontal cortex matures last.\nThat’s why forgiveness of your younger self is science, not sentiment.",
      "overlay": "neo-veil-concept"
    },
    {
      "text": "Neuroplasticity peaks when you are curious.\nWonder is the mind’s favorite nutrient.",
      "overlay": "neo-veil-concept"
    },
    {
      "text": "You are 50% microbial.\nHalf of what you call 'you' is symbiosis.",
      "overlay": "neo-veil-concept"
    },
    {
      "text": "Your heart synchronizes its rhythm to music.\nPlay carefully—it becomes you.",
      "overlay": "neo-veil-concept"
    },
    {
      "text": "The brain’s reward system doesn’t distinguish between achievement and compassion.\nBoth make it glow.",
      "overlay": "neo-veil-concept"
    },
    {
      "text": "Your hippocampus can shrink under chronic stress.\nPeace is not indulgence—it’s preservation.",
      "overlay": "neo-veil-concept"
    },
    {
      "text": "Memory is not an archive.\nIt’s a remix.",
      "overlay": "neo-veil-concept"
    }
  ]
}
