{
  "entries": [
    {
      "text": "Every myth begins with a wound.\nCreation is born from fracture, not perfection.",
      "overlay": "neo-veil-mythic"
    },
    {
      "text": "The underworld was never punishment.\nIt was transformation disguised as descent.",
      "overlay": "neo-veil-mythic"
    },
    {
      "text": "The hero’s first victory is surrender.\nOnly then does the path appear.",
      "overlay": "neo-veil-mythic"
    },
    {
      "text": "You are both the labyrinth and the thread.\nAnd you were never lost.",
      "overlay": "neo-veil-mythic"
    },
    {
      "text": "The oracle speaks in riddles because truth resists captivity.",
      "overlay": "neo-veil-mythic"
    },
    {
      "text": "Even gods need mirrors.\nThat’s why they made us.",
      "overlay": "neo-veil-mythic"
    },
    {
      "text": "Fire was stolen so humanity could remember its own light.",
      "overlay": "neo-veil-mythic"
    },
    {
      "text": "Every exile is an initiation.\nYou return not with answers, but with vision.",
      "overlay": "neo-veil-mythic"
    },
    {
      "text": "When the river forgot its name, it became the sea.\nSo do you.",
      "overlay": "neo-veil-mythic"
    },
    {
      "text": "Even angels envy the courage of those who fall and rise again.",
      "overlay": "neo-veil-mythic"
    },
    {
      "text": "The dragon guards not treasure, but self-knowledge.",
      "overlay": "neo-veil-mythic"
    },
    {
      "text": "Myth is memory with symbols.\nIt survives by disguise.",
      "overlay": "neo-veil-mythic"
    },
    {
      "text": "You have already crossed the threshold.\nThe old world has no claim on you.",
      "overlay": "neo-veil-mythic"
    },
    {
      "text": "Even gods fall silent before choice.\nFree will is the greatest rebellion.",
      "overlay": "neo-veil-mythic"
    },
    {
      "text": "When Persephone rose, the world remembered how to bloom after darkness.",
      "overlay": "neo-veil-mythic"
    },
    {
      "text": "The storm was never your punishment.\nIt was your calling card.",
      "overlay": "neo-veil-mythic"
    },
    {
      "text": "In every myth, love and loss are siblings.\nOne teaches longing, the other gratitude.",
      "overlay": "neo-veil-mythic"
    },
    {
      "text": "The phoenix does not fear fire.\nShe knows ashes are instruction.",
      "overlay": "neo-veil-mythic"
    },
    {
      "text": "You are older than your name.\nEvery life is one verse of an endless epic.",
      "overlay": "neo-veil-mythic"
    },
    {
      "text": "The moon remembers every confession ever whispered to it.",
      "overlay": "neo-veil-mythic"
    },
    {
      "text": "When you dream of falling, it is your wings rehearsing.",
      "overlay": "neo-veil-mythic"
    },
    {
      "text": "Demons are truths spoken too soon.",
      "overlay": "neo-veil-mythic"
    },
    {
      "text": "The gods envy mortals because endings make beauty urgent.",
      "overlay": "neo-veil-mythic"
    },
    {
      "text": "The serpent sheds its skin, not its essence.\nTransformation keeps the soul alive.",
      "overlay": "neo-veil-mythic"
    },
    {
      "text": "Every myth hides a map.\nEvery wound, a compass.",
      "overlay": "neo-veil-mythic"
    },
    {
      "text": "You cannot slay the dragon you refuse to name.",
      "overlay": "neo-veil-mythic"
    },
    {
      "text": "The sea remembers every ship that forgot the shore.",
      "overlay": "neo-veil-mythic"
    },
    {
      "text": "The gods speak in coincidence.\nPay attention.",
      "overlay": "neo-veil-mythic"
    },
    {
      "text": "Eros and Thanatos dine together.\nCreation and destruction share a table.",
      "overlay": "neo-veil-mythic"
    },
    {
      "text": "To look into Medusa’s eyes was not death — it was truth without disguise.",
      "overlay": "neo-veil-mythic"
    },
    {
      "text": "The myth of Icarus is not about flying too high.\nIt’s about mistaking imitation for freedom.",
      "overlay": "neo-veil-mythic"
    },
    {
      "text": "Even chaos serves a pattern too large to name.",
      "overlay": "neo-veil-mythic"
    },
    {
      "text": "Every generation writes its gods in new syntax.",
      "overlay": "neo-veil-mythic"
    },
    {
      "text": "The Grail is not a cup.\nIt’s the courage to keep seeking.",
      "overlay": "neo-veil-mythic"
    },
    {
      "text": "You are the myth retelling itself through consciousness.",
      "overlay": "neo-veil-mythic"
    },
    {
      "text": "The underworld has no clocks.\nHealing takes as long as it takes.",
      "overlay": "neo-veil-mythic"
    },
    {
      "text": "Myth reminds you that even gods needed redemption arcs.",
      "overlay": "neo-veil-mythic"
    },
    {
      "text": "Some myths never happened.\nAll of them are true.",
      "overlay": "neo-veil-mythic"
    },
    {
      "text": "The hero’s journey was always a map back to the soul.",
      "overlay": "neo-veil-mythic"
    },
    {
      "text": "Creation began with a sound.\nYou are that vibration still unfolding.",
      "overlay": "neo-veil-mythic"
    }
  ]
}

