{
  "entries": [
    {
      "text": "Neurons that fire together wire together.\nAttention is the brush that paints your brain.",
      "overlay": "neo-veil-neuro"
    },
    {
      "text": "Memory is not a recording.\nIt is reconstruction — a collage of meaning and mood.",
      "overlay": "neo-veil-neuro"
    },
    {
      "text": "Every breath adjusts your nervous system.\nInhale courage, exhale the past.",
      "overlay": "neo-veil-neuro"
    },
    {
      "text": "Your brain is plastic, not permanent.\nEvery thought is architecture in progress.",
      "overlay": "neo-veil-neuro"
    },
    {
      "text": "The body remembers what the mind avoids.\nSomatic truth cannot be gaslit.",
      "overlay": "neo-veil-neuro"
    },
    {
      "text": "The hippocampus writes the diary.\nThe amygdala edits it with emotion.",
      "overlay": "neo-veil-neuro"
    },
    {
      "text": "Stress chemistry is ancient armor.\nYou can thank your ancestors for survival — and teach your body peace.",
      "overlay": "neo-veil-neuro"
    },
    {
      "text": "Learning rewires more than knowledge.\nIt reshapes identity.",
      "overlay": "neo-veil-neuro"
    },
    {
      "text": "The brain cannot process negation.\nSay what you seek, not what you fear.",
      "overlay": "neo-veil-neuro"
    },
    {
      "text": "You have roughly 86 billion neurons —\na choir waiting for direction.",
      "overlay": "neo-veil-neuro"
    },
    {
      "text": "The vagus nerve is your body’s peace treaty.\nIt connects breath, voice, and heart.",
      "overlay": "neo-veil-neuro"
    },
    {
      "text": "Habit is memory’s muscle.\nChange is repetition with awareness.",
      "overlay": "neo-veil-neuro"
    },
    {
      "text": "The prefrontal cortex is the orchestra conductor.\nTrauma is when the drums play too loud.",
      "overlay": "neo-veil-neuro"
    },
    {
      "text": "Imagination activates the same circuits as experience.\nVisualization is rehearsal for reality.",
      "overlay": "neo-veil-neuro"
    },
    {
      "text": "Neuroplasticity is hope in biological form.",
      "overlay": "neo-veil-neuro"
    },
    {
      "text": "Emotion is not the opposite of logic.\nIt is data — encoded in sensation.",
      "overlay": "neo-veil-neuro"
    },
    {
      "text": "Your nervous system believes the tone of your inner voice.\nSpeak kindly — it’s listening.",
      "overlay": "neo-veil-neuro"
    },
    {
      "text": "Cognition rides on chemistry.\nMood is physics wearing a feeling.",
      "overlay": "neo-veil-neuro"
    },
    {
      "text": "Dreaming is your brain’s nightly maintenance — rewiring memory through metaphor.",
      "overlay": "neo-veil-neuro"
    },
    {
      "text": "You cannot heal the mind without calming the body.\nThe vagus nerve takes all messages personally.",
      "overlay": "neo-veil-neuro"
    },
    {
      "text": "Oxytocin builds trust.\nThat’s why hugs are more effective than lectures.",
      "overlay": "neo-veil-neuro"
    },
    {
      "text": "Attention shapes structure.\nNeuroplasticity doesn’t care whether you focus on fear or wonder.",
      "overlay": "neo-veil-neuro"
    },
    {
      "text": "Your amygdala rings the alarm.\nMindfulness teaches you not to evacuate every time it does.",
      "overlay": "neo-veil-neuro"
    },
    {
      "text": "The cerebellum remembers movement like poetry.\nThat’s why dance feels like prayer.",
      "overlay": "neo-veil-neuro"
    },
    {
      "text": "Cortisol and compassion can’t coexist for long.\nOne always makes room for the other.",
      "overlay": "neo-veil-neuro"
    },
    {
      "text": "Neurons grow dendrites even as you read this.\nLearning is visible under a microscope.",
      "overlay": "neo-veil-neuro"
    },
    {
      "text": "Chronic stress keeps the alarm on.\nHealing begins when the siren learns silence.",
      "overlay": "neo-veil-neuro"
    },
    {
      "text": "The prefrontal cortex matures last.\nThat’s why wisdom takes time.",
      "overlay": "neo-veil-neuro"
    },
    {
      "text": "When two people speak in sync, their brainwaves literally align.",
      "overlay": "neo-veil-neuro"
    },
    {
      "text": "Serotonin rises with sunlight.\nYour biology believes in dawn.",
      "overlay": "neo-veil-neuro"
    },
    {
      "text": "Pain and pleasure share pathways.\nThat’s why relief feels sacred.",
      "overlay": "neo-veil-neuro"
    },
    {
      "text": "Mirror neurons make empathy chemical.\nYou are wired for connection.",
      "overlay": "neo-veil-neuro"
    },
    {
      "text": "Dopamine chases novelty.\nPeace must be taught to it, patiently.",
      "overlay": "neo-veil-neuro"
    },
    {
      "text": "Every memory you recall changes slightly.\nThe brain edits as it remembers.",
      "overlay": "neo-veil-neuro"
    },
    {
      "text": "Language lives mostly on the left.\nBut poetry fires both hemispheres.",
      "overlay": "neo-veil-neuro"
    },
    {
      "text": "Trauma shrinks the hippocampus.\nSafety grows it back.",
      "overlay": "neo-veil-neuro"
    },
    {
      "text": "Consciousness is the universe studying itself through electricity and flesh.",
      "overlay": "neo-veil-neuro"
    },
    {
      "text": "Neural pruning removes what you no longer use.\nLet go — it’s biology.",
      "overlay": "neo-veil-neuro"
    },
    {
      "text": "Awe quiets the ego and synchronizes the brain.\nWonder is neurological alignment.",
      "overlay": "neo-veil-neuro"
    },
    {
      "text": "The mind and body are not connected.\nThey are the same event, seen from two sides.",
      "overlay": "neo-veil-neuro"
    }
  ]
}
