{
  "entries": [
    {
      "text": "Know thyself.\nFor the unexamined life is not worth living.",
      "author": "Socrates",
      "overlay": "neo-veil-seer"
    },
    {
      "text": "You become what you think.\nAs you imagine, so you create.\nAs you act, so you become.",
      "author": "Upanishads",
      "overlay": "neo-veil-seer"
    },
    {
      "text": "There is nothing permanent except change.",
      "author": "Heraclitus",
      "overlay": "neo-veil-seer"
    },
    {
      "text": "When the mind is pure, joy follows like a shadow that never leaves.",
      "author": "Buddha",
      "overlay": "neo-veil-seer"
    },
    {
      "text": "We suffer more in imagination than in reality.",
      "author": "Seneca",
      "overlay": "neo-veil-seer"
    },
    {
      "text": "What we are today comes from our thoughts of yesterday.\nOur present thoughts build our tomorrow.",
      "author": "Dhammapada",
      "overlay": "neo-veil-seer"
    },
    {
      "text": "No man ever steps in the same river twice.\nIt is not the same river, and he is not the same man.",
      "author": "Heraclitus",
      "overlay": "neo-veil-seer"
    },
    {
      "text": "He who conquers himself is the mightiest warrior.",
      "author": "Confucius",
      "overlay": "neo-veil-seer"
    },
    {
      "text": "Pleasure in the job puts perfection in the work.",
      "author": "Aristotle",
      "overlay": "neo-veil-seer"
    },
    {
      "text": "Peace comes from within.\nDo not seek it without.",
      "author": "Buddha",
      "overlay": "neo-veil-seer"
    },
    {
      "text": "The soul becomes dyed with the color of its thoughts.",
      "author": "Marcus Aurelius",
      "overlay": "neo-veil-seer"
    },
    {
      "text": "You will not be punished for your anger.\nYou will be punished by your anger.",
      "author": "Buddha",
      "overlay": "neo-veil-seer"
    },
    {
      "text": "Man is disturbed not by things, but by the view he takes of them.",
      "author": "Epictetus",
      "overlay": "neo-veil-seer"
    },
    {
      "text": "Desire is never satisfied by the enjoyment of desire.\nIt only grows stronger, like a fire fed by ghee.",
      "author": "Bhagavad Gita",
      "overlay": "neo-veil-seer"
    },
    {
      "text": "Out of suffering have emerged the strongest souls.\nThe most massive characters are seared with scars.",
      "author": "Kahlil Gibran",
      "overlay": "neo-veil-seer"
    },
    {
      "text": "At the center of your being you have the answer.\nYou know who you are and what you want.",
      "author": "Lao Tzu",
      "overlay": "neo-veil-seer"
    },
    {
      "text": "The greatest wealth is to live content with little.",
      "author": "Plato",
      "overlay": "neo-veil-seer"
    },
    {
      "text": "He who is harmony in heart and mind is beyond sorrow.",
      "author": "Bhagavad Gita",
      "overlay": "neo-veil-seer"
    },
    {
      "text": "You cannot travel the path until you become the path itself.",
      "author": "Buddha",
      "overlay": "neo-veil-seer"
    },
    {
      "text": "If you realize that all things change, there is nothing you will try to hold on to.",
      "author": "Lao Tzu",
      "overlay": "neo-veil-seer"
    },
    {
      "text": "The obstacle is the path.",
      "author": "Zen proverb",
      "overlay": "neo-veil-seer"
    },
    {
      "text": "Silence is better than unmeaning words.",
      "author": "Pythagoras",
      "overlay": "neo-veil-seer"
    },
    {
      "text": "The wise man lets go of all results.\nHe is at peace before the beginning and after the end.",
      "author": "Bhagavad Gita",
      "overlay": "neo-veil-seer"
    },
    {
      "text": "Be kind, for everyone you meet is fighting a hard battle.",
      "author": "Plato (attributed)",
      "overlay": "neo-veil-seer"
    },
    {
      "text": "The measure of wisdom is joy.",
      "author": "Aristotle",
      "overlay": "neo-veil-seer"
    },
    {
      "text": "As is your desire, so is your will.\nAs is your will, so is your deed.\nAs is your deed, so is your destiny.",
      "author": "Brihadaranyaka Upanishad",
      "overlay": "neo-veil-seer"
    },
    {
      "text": "The greatest victory is to conquer yourself.",
      "author": "Plato",
      "overlay": "neo-veil-seer"
    },
    {
      "text": "A jug fills drop by drop.\nSo does the heart, with patience and virtue.",
      "author": "Buddha",
      "overlay": "neo-veil-seer"
    },
    {
      "text": "Those who know do not speak.\nThose who speak do not know.",
      "author": "Lao Tzu",
      "overlay": "neo-veil-seer"
    },
    {
      "text": "He who sees all beings in himself, and himself in all beings, knows no fear.",
      "author": "Isha Upanishad",
      "overlay": "neo-veil-seer"
    },
    {
      "text": "The happiness of your life depends upon the quality of your thoughts.",
      "author": "Marcus Aurelius",
      "overlay": "neo-veil-seer"
    },
    {
      "text": "When you are content to be simply yourself, and do not compare or compete, everybody will respect you.",
      "author": "Lao Tzu",
      "overlay": "neo-veil-seer"
    },
    {
      "text": "Learning is an ornament in prosperity, a refuge in adversity, and a provision in old age.",
      "author": "Aristotle",
      "overlay": "neo-veil-seer"
    },
    {
      "text": "Hatred does not cease by hatred.\nIt ceases only by love.\nThis is the eternal law.",
      "author": "Buddha",
      "overlay": "neo-veil-seer"
    },
    {
      "text": "A man is what his deep desire is.\nAs his desire is, so is his will.\nAs his will is, so is his deed.\nAs his deed is, so is his destiny.",
      "author": "Upanishads",
      "overlay": "neo-veil-seer"
    },
    {
      "text": "Be humble, for you are made of earth.\nBe noble, for you are made of stars.",
      "author": "Serbian Proverb (ancient Stoic sentiment)",
      "overlay": "neo-veil-seer"
    },
    {
      "text": "He who knows that enough is enough will always have enough.",
      "author": "Lao Tzu",
      "overlay": "neo-veil-seer"
    },
    {
      "text": "The one who masters himself through discipline and insight is truly liberated.",
      "author": "Dhammapada",
      "overlay": "neo-veil-seer"
    },
    {
      "text": "Do not say a little in many words but a great deal in few.",
      "author": "Pythagoras",
      "overlay": "neo-veil-seer"
    },
    {
      "text": "To understand everything is to forgive everything.",
      "author": "Buddha",
      "overlay": "neo-veil-seer"
    },
    {
      "text": "You are what your deep, driving desire is.\nAs your desire is, so is your will.\nAs your will is, so is your deed.\nAs your deed is, so is your destiny.",
      "author": "Brihadaranyaka Upanishad",
      "overlay": "neo-veil-seer"
    }
  ]
}

