{
  "entries": [
    {
      "text": "You are the poem.\nThe world is merely annotation.",
      "overlay": "neo-veil-poet"
    },
    {
      "text": "Some poems are not written.\nThey bleed their way onto the page.",
      "overlay": "neo-veil-poet"
    },
    {
      "text": "Every poet begins as a listener.\nSilence was your first stanza.",
      "overlay": "neo-veil-poet"
    },
    {
      "text": "You cannot write without dying a little.\nYou cannot die without writing something new.",
      "overlay": "neo-veil-poet"
    },
    {
      "text": "The line break is a heartbeat.\nThe poem breathes where you hesitate.",
      "overlay": "neo-veil-poet"
    },
    {
      "text": "Ink remembers what the body forgets.",
      "overlay": "neo-veil-poet"
    },
    {
      "text": "Your handwriting is the graph of your becoming.",
      "overlay": "neo-veil-poet"
    },
    {
      "text": "Poetry is language remembering its body.",
      "overlay": "neo-veil-poet"
    },
    {
      "text": "Each poem is a negotiation between chaos and cadence.",
      "overlay": "neo-veil-poet"
    },
    {
      "text": "You do not find your voice.\nYou return to it.",
      "overlay": "neo-veil-poet"
    },
    {
      "text": "A poem is a place where truth and mercy can meet without shame.",
      "overlay": "neo-veil-poet"
    },
    {
      "text": "Grammar cannot contain grief.\nThat’s why poetry exists.",
      "overlay": "neo-veil-poet"
    },
    {
      "text": "The page does not heal you.\nIt holds you still enough to begin.",
      "overlay": "neo-veil-poet"
    },
    {
      "text": "Poetry is alchemy.\nYou turn pain into pattern until it no longer burns.",
      "overlay": "neo-veil-poet"
    },
    {
      "text": "Write until the ache confesses what it really wanted to say.",
      "overlay": "neo-veil-poet"
    },
    {
      "text": "Each metaphor is a bridge built over silence.",
      "overlay": "neo-veil-poet"
    },
    {
      "text": "The poet is both wound and witness.",
      "overlay": "neo-veil-poet"
    },
    {
      "text": "You do not own the poem.\nYou channel it.\nThe best ones arrive uninvited.",
      "overlay": "neo-veil-poet"
    },
    {
      "text": "When the poem stops rhyming, listen.\nIt’s trying to tell you the truth.",
      "overlay": "neo-veil-poet"
    },
    {
      "text": "Some poems are written for survival.\nOthers for resurrection.",
      "overlay": "neo-veil-poet"
    },
    {
      "text": "You can revise a poem.\nYou cannot revise the moment that made it necessary.",
      "overlay": "neo-veil-poet"
    },
    {
      "text": "Poetry happens in the pause between inhale and exhale.\nWhere the body remembers the soul’s syntax.",
      "overlay": "neo-veil-poet"
    },
    {
      "text": "Rhyme is comfort.\nFree verse is truth unclothed.",
      "overlay": "neo-veil-poet"
    },
    {
      "text": "A poet is a scientist of feeling.\nWe experiment with ache.",
      "overlay": "neo-veil-poet"
    },
    {
      "text": "Even pain can be made beautiful.\nThat is the poet’s defiance.",
      "overlay": "neo-veil-poet"
    },
    {
      "text": "Every poem is an exhale that refused to be ordinary air.",
      "overlay": "neo-veil-poet"
    },
    {
      "text": "Write what trembles.\nReaders will find themselves in the vibration.",
      "overlay": "neo-veil-poet"
    },
    {
      "text": "Poetry is not therapy.\nIt is recognition disguised as art.",
      "overlay": "neo-veil-poet"
    },
    {
      "text": "The poem is a mirror that forgives what it reflects.",
      "overlay": "neo-veil-poet"
    },
    {
      "text": "When you cannot pray, write.\nIt’s the same thing in another dialect.",
      "overlay": "neo-veil-poet"
    },
    {
      "text": "Language does not heal.\nBut it holds the wound still long enough for light to enter.",
      "overlay": "neo-veil-poet"
    },
    {
      "text": "Poetry is resistance to numbness.",
      "overlay": "neo-veil-poet"
    },
    {
      "text": "The poet’s task is not to explain.\nIt is to remind.",
      "overlay": "neo-veil-poet"
    },
    {
      "text": "You do not need permission to speak beautifully about pain.",
      "overlay": "neo-veil-poet"
    },
    {
      "text": "The poem will change you if you let it.\nThat’s the hidden contract between ink and reader.",
      "overlay": "neo-veil-poet"
    },
    {
      "text": "Poetry was the first science of empathy.",
      "overlay": "neo-veil-poet"
    },
    {
      "text": "A good poem is not understood.\nIt is remembered.",
      "overlay": "neo-veil-poet"
    },
    {
      "text": "Every stanza is a small rebellion against forgetting.",
      "overlay": "neo-veil-poet"
    },
    {
      "text": "Poets are translators of the untranslatable.",
      "overlay": "neo-veil-poet"
    },
    {
      "text": "You are the line break the universe didn’t see coming.",
      "overlay": "neo-veil-poet"
    }
  ]
}

