﻿
{
    "entries": [
        {
            "text": "Punctuation is emotional architecture. A comma softens, a period solidifies, a dash opens a door, and a colon invites expectation. Learn these tones and your writing becomes a controlled storm."
        },
        {
            "text": "The comma is a negotiator. It signals a slight pause, clarifies meaning, and prevents unintended comedy—'Let’s eat, grandma' is not the same as 'Let’s eat grandma.'"
        },
        {
            "text": "The em dash (—) is punctuation’s wild card. It interrupts, reveals, dramatizes, or isolates an idea. Use it when you want the reader to feel a controlled jolt."
        },
        {
            "text": "The semicolon connects two complete thoughts that deserve intimacy without separation. It says, 'These ideas are distinct, but they belong to each other.'"
        },
        {
            "text": "A colon builds anticipation: what follows must complete, illustrate, or explain what came before. Think of it as a literary drumroll."
        },
        {
            "text": "Quotation marks can signal exact speech, highlight irony, or frame specific terms. Misusing them creates accidental sarcasm, so place them with intention."
        },
        {
            "text": "Parentheses allow you to whisper. They add side notes, clarifications, or quiet context. Use them sparingly or they dilute the main voice."
        },
        {
            "text": "Ellipses imply hesitation, suspense, or omission. Overused, they weaken your authority. Used intentionally, they invite the reader into the silence you’re crafting."
        },
        {
            "text": "A question mark is not only for direct questions; it can convey doubt, curiosity, or emotional tilt. It changes the posture of a sentence."
        },
        {
            "text": "Exclamation points are seasoning, not soup. One is emphasis; two are panic. Use them like a chef: strategically, not generously."
        },
        {
            "text": "The apostrophe signals possession or contraction. It does not pluralize. 'The cat’s toys' belongs to one cat; 'the cats’ toys' belong to many."
        },
        {
            "text": "A hyphen connects two words that function as one idea—'mind-bending,' 'high-quality,' 'long-term.' It prevents ambiguity and sharpens meaning."
        },
        {
            "text": "The period is finality. It grounds, asserts, and ends the conversation. Short sentences with well-placed periods create power through simplicity."
        },
        {
            "text": "The slash shows alternatives or paired concepts—truth/love, creator/destroyer. Use it sparingly; it breaks rhythm but heightens contrast."
        },
        {
            "text": "Brackets [ ] allow you to add necessary corrections or clarifications inside quoted text. They are the editor’s fingerprints."
        },
        {
            "text": "The interrobang (‽) is a hybrid punctuation mark expressing disbelief or shock—though rarely used formally, it reminds us punctuation is still evolving."
        },
        {
            "text": "A nonrestrictive clause requires commas because it adds extra, removable information. Removing it should not harm the sentence’s core meaning."
        },
        {
            "text": "Restrictive clauses define and narrow meaning; they need no commas. Compare: “Writers who revise grow” vs. “Writers, who revise, grow”—one is a rule; the other is a commentary."
        },
        {
            "text": "Punctuation shapes voice. The same idea punctuated differently becomes gentle, firm, playful, or sacred. Master the marks and you master tone."
        },
        {
            "text": "Great writing is not about using every punctuation mark. It is about choosing the one that delivers the emotion with precision."
        }
    ]
}
