{
  "entries": [
    {
      "text": "You have survived every version of ending you thought was final.",
      "overlay": "neo-veil-resilience"
    },
    {
      "text": "Courage is not loud.\nIt’s the quiet act of showing up again after silence.",
      "overlay": "neo-veil-resilience"
    },
    {
      "text": "You bend.\nYou do not break.\nThat’s biology and will conspiring in your favor.",
      "overlay": "neo-veil-resilience"
    },
    {
      "text": "Even when hope hides, endurance keeps breathing on its behalf.",
      "overlay": "neo-veil-resilience"
    },
    {
      "text": "You’ve rebuilt yourself so often your bones remember blueprints.",
      "overlay": "neo-veil-resilience"
    },
    {
      "text": "Strength is not what resists the storm.\nIt’s what learns to dance in its rhythm.",
      "overlay": "neo-veil-resilience"
    },
    {
      "text": "Every scar is proof that you kept the promise of survival.",
      "overlay": "neo-veil-resilience"
    },
    {
      "text": "Resilience is not rebounding.\nIt’s re-rooting.",
      "overlay": "neo-veil-resilience"
    },
    {
      "text": "Growth is not pretty.\nIt’s the sound of your limits cracking open.",
      "overlay": "neo-veil-resilience"
    },
    {
      "text": "You are the sum of all the times you refused to disappear.",
      "overlay": "neo-veil-resilience"
    },
    {
      "text": "Healing is a marathon with no finish line.\nYou win by refusing to stop running.",
      "overlay": "neo-veil-resilience"
    },
    {
      "text": "You may fall apart.\nJust make sure you land where you can bloom.",
      "overlay": "neo-veil-resilience"
    },
    {
      "text": "Rock bottom is still ground.\nYou can build from there.",
      "overlay": "neo-veil-resilience"
    },
    {
      "text": "You have not failed.\nYou have paused between transformations.",
      "overlay": "neo-veil-resilience"
    },
    {
      "text": "Some victories are invisible.\nGetting out of bed counts as one.",
      "overlay": "neo-veil-resilience"
    },
    {
      "text": "Resilience is rebellion in slow motion.",
      "overlay": "neo-veil-resilience"
    },
    {
      "text": "Your pace is sacred.\nYou are not late for your own life.",
      "overlay": "neo-veil-resilience"
    },
    {
      "text": "Endurance does not mean the absence of pain.\nIt means you refused to be defined by it.",
      "overlay": "neo-veil-resilience"
    },
    {
      "text": "There is no such thing as starting over.\nOnly starting wiser.",
      "overlay": "neo-veil-resilience"
    },
    {
      "text": "When the world turned its back, you learned to carry your own sun.",
      "overlay": "neo-veil-resilience"
    },
    {
      "text": "You are evidence that persistence is a form of prayer.",
      "overlay": "neo-veil-resilience"
    },
    {
      "text": "Sometimes resilience looks like resting.\nEven seeds sleep before they rise.",
      "overlay": "neo-veil-resilience"
    },
    {
      "text": "Every setback has muscle memory.\nYou’ve done this before.\nYou can again.",
      "overlay": "neo-veil-resilience"
    },
    {
      "text": "Strength is the scar that still feels sunlight.",
      "overlay": "neo-veil-resilience"
    },
    {
      "text": "Survival taught you things peace never could.",
      "overlay": "neo-veil-resilience"
    },
    {
      "text": "Resilience does not roar.\nIt hums.",
      "overlay": "neo-veil-resilience"
    },
    {
      "text": "You were not fragile.\nYou were refining.",
      "overlay": "neo-veil-resilience"
    },
    {
      "text": "The same pressure that breaks glass forms diamonds.",
      "overlay": "neo-veil-resilience"
    },
    {
      "text": "You do not need to have faith in the whole staircase.\nJust take the next step.",
      "overlay": "neo-veil-resilience"
    },
    {
      "text": "You don’t owe anyone your optimism.\nJust your perseverance.",
      "overlay": "neo-veil-resilience"
    },
    {
      "text": "Resilience is remembering the story isn’t over.",
      "overlay": "neo-veil-resilience"
    },
    {
      "text": "You’ve already survived the unimaginable.\nEverything after that is refinement.",
      "overlay": "neo-veil-resilience"
    },
    {
      "text": "You can rebuild your life quietly.\nNoise was never the proof of strength.",
      "overlay": "neo-veil-resilience"
    },
    {
      "text": "Fall apart gently.\nEven breaking can be an art form.",
      "overlay": "neo-veil-resilience"
    },
    {
      "text": "Resilience is the discipline of hope.",
      "overlay": "neo-veil-resilience"
    },
    {
      "text": "You’ve been your own miracle more times than you remember.",
      "overlay": "neo-veil-resilience"
    },
    {
      "text": "Keep walking.\nEven miracles need movement.",
      "overlay": "neo-veil-resilience"
    },
    {
      "text": "You did not come this far to vanish into fear.",
      "overlay": "neo-veil-resilience"
    },
    {
      "text": "You are allowed to glow even in recovery.",
      "overlay": "neo-veil-resilience"
    },
    {
      "text": "Resilience is not bouncing back.\nIt’s expanding forward.",
      "overlay": "neo-veil-resilience"
    }
  ]
}

