{
  "entries": [
    { "text": "Marcus Aurelius taught that the mind is an inner citadel, and no external force can conquer it without permission." },
    { "text": "Marcus Aurelius argued that suffering arises not from events but from interpretations, making perception a form of power." },
    { "text": "Marcus Aurelius believed that duty gives life structure, anchoring individuals when emotion attempts to sway purpose." },

    { "text": "Seneca warned that time is the only true possession, and most people spend it as if time were endlessly replaceable." },
    { "text": "Seneca argued that misfortune trains character, revealing strengths that prosperity disguises." },
    { "text": "Seneca described anger as a brief madness, teaching that clarity dissolves rage faster than retaliation." },

    { "text": "Epictetus taught that discipline creates freedom because self-control removes the ability of others to dominate." },
    { "text": "Epictetus divided life into what is up to individuals and what is not, calling this distinction the foundation of peace." },
    { "text": "Epictetus argued that character is chosen moment by moment, not inherited from circumstance." },

    { "text": "Marcus Aurelius believed that clarity returns when the mind stops rehearsing imagined catastrophes." },
    { "text": "Marcus Aurelius argued that greatness begins with governing impulses before governing outcomes." },

    { "text": "Seneca taught that haste creates confusion, but steady thought cuts confusion in half." },
    { "text": "Seneca believed that joy deepens when it is chosen deliberately rather than stumbled into accidentally." },

    { "text": "Epictetus taught that small daily choices sculpt destiny more faithfully than grand intentions." },
    { "text": "Epictetus argued that refusing unnecessary comparison protects inner freedom." },

    { "text": "Zeno of Citium believed that the wise see obstacles as material for virtue, not interruptions to virtue." },
    { "text": "Zeno of Citium taught that serenity arrives when desire matches reality rather than fantasy." },

    { "text": "Cleanthes argued that respect for truth strengthens community by grounding citizens in shared principles." },
    { "text": "Cleanthes believed that the disciplined mind becomes a sanctuary no chaos can enter." },

    { "text": "Musonius Rufus argued that moral training begins with habit, not inspiration." },
    { "text": "Musonius Rufus taught that learning becomes freedom when learning reforms behavior." },

    { "text": "Chrysippus believed that understanding natural order releases individuals from fear of misfortune." },
    { "text": "Chrysippus argued that contradiction weakens judgment, while coherence strengthens character." },

    { "text": "Zeno of Citium defined virtue as living in agreement with nature, aligning actions with reason, harmony, and integrity." },
    { "text": "Zeno of Citium believed that all humans share the same rational nature, making all people part of a single moral community." },
    { "text": "Zeno of Citium claimed that virtue alone is good, and anything external is merely indifferent." },

    { "text": "Cleanthes wrote that endurance reveals inner strength, because truth survives pressure without breaking." },
    { "text": "Cleanthes celebrated the order of the cosmos, teaching reverence for patterns larger than personal ego." },
    { "text": "Cleanthes argued that disciplined living aligns the individual mind with universal reason." },

    { "text": "Chrysippus constructed Stoic logic to show that clear thinking strengthens ethical action." },
    { "text": "Chrysippus taught that emotions are judgments, not forces, meaning emotions can be reshaped through understanding." },
    { "text": "Chrysippus argued that fate and choice coexist because reasoning is part of fate's unfolding." },

    { "text": "Musonius Rufus believed that philosophy is a form of practical training, shaping behavior rather than decorating intellect." },
    { "text": "Musonius Rufus argued that the capacity for virtue belongs equally to all genders, anticipating later movements for equality." },

    { "text": "Seneca argued that life is long enough when life is spent with intention, but most people lose life in distractions." },
    { "text": "Seneca taught that fortune misleads because fortune rewards ease, not excellence." },
    { "text": "Seneca believed that wealth tests character by revealing whether individuals serve possessions or principles." },

    { "text": "Epictetus argued that no one can imprison a mind trained to judge events correctly." },
    { "text": "Epictetus warned that misguided desire enslaves individuals far more effectively than tyrants." },
    { "text": "Epictetus taught that every challenge is a summons to practice virtue." },

    { "text": "Marcus Aurelius meditated on impermanence to remind himself that urgency belongs to what is essential, not to what is loud." },
    { "text": "Marcus Aurelius believed all human beings share the same rational nature, making harm to another a wound to the whole." },
    { "text": "Marcus Aurelius argued that self-scrutiny sharpens character, while judging others dulls it." },

    { "text": "Hierocles taught that moral life expands by widening circles of concern, from self, to family, to all humanity." },
    { "text": "Hierocles believed justice emerges when individuals recognize others as part of a shared rational community." },
    { "text": "Hierocles argued that understanding oneself creates compassion that reverberates outward." },

    { "text": "Musonius Rufus believed that virtue grows through daily labor, not through occasional inspiration." },
    { "text": "Musonius Rufus argued that philosophy must be taught to all, because all human beings require guidance in living well." },
    { "text": "Musonius Rufus taught that simple living frees the mind for moral work." },

    { "text": "Zeno of Citium believed reason guides action the way a rudder guides a ship." },
    { "text": "Zeno of Citium taught that external fortune is neither blessing nor curse, only material for virtue." },
    { "text": "Zeno of Citium argued that human beings realize virtue through communal life." },

    { "text": "Cleanthes believed persistence molds character more reliably than talent." },
    { "text": "Cleanthes argued that gratitude deepens tranquility by aligning the heart with cosmic order." },

    { "text": "Chrysippus taught that logic heals harmful emotion by correcting false judgment." },
    { "text": "Chrysippus argued that a coherent life, one aligned with principles, resists disruption." },
    { "text": "Chrysippus believed nature contains rational structure, inviting humans to live in harmony with it." },

    { "text": "Seneca argued that true friendship mirrors virtue, not convenience." },
    { "text": "Seneca taught that leisure becomes noble when leisure is used for reflection and improvement." },
    { "text": "Seneca believed fear arises from imagining futures that rarely arrive." },

    { "text": "Marcus Aurelius argued that kindness requires strength because kindness demands mastery of impulses." },
    { "text": "Marcus Aurelius believed that philosophical conviction becomes real only through action." },
    { "text": "Marcus Aurelius taught that calm enables clear judgment, giving calm strategic value." },

    { "text": "Epictetus argued that self-sufficiency makes individuals immune to fortune's fluctuations." },
    { "text": "Epictetus taught that taking responsibility for choice liberates individuals from excuses." },
    { "text": "Epictetus believed pride arises when individuals demand outcomes they cannot control." },

    { "text": "Cicero argued that duty binds communities by ordering relationships ethically." },
    { "text": "Cicero taught that natural law governs all rational beings, making justice universal." },
    { "text": "Cicero believed virtue expresses itself through practical wisdom in public life." },

    { "text": "Cato the Younger embodied Stoic integrity by refusing to compromise principle under political pressure." },
    { "text": "Cato the Younger taught that liberty begins with self-mastery; citizens unable to control themselves cannot control a republic." },
    { "text": "Cato the Younger believed honor becomes resistance when corrupt power demands obedience." },

    { "text": "Musonius Rufus argued that hardship trains resilience when hardship is met with deliberate endurance." },
    { "text": "Musonius Rufus taught that disciplined eating strengthens self-governance." },

    { "text": "Seneca argued that the good life emerges from moral clarity, not from circumstance." },
    { "text": "Seneca believed wisdom enters life through repetition, not revelation." },
    { "text": "Seneca taught that fortune favors the mind prepared for reversal." },

    { "text": "Epictetus believed humility protects reason by exposing errors quickly." },
    { "text": "Epictetus compared philosophy to maintenance because the mind requires continual repair." },
    { "text": "Epictetus argued that crisis reveals the truth of character more than comfort ever can." },

    { "text": "Marcus Aurelius used contemplation to recalibrate judgment toward fairness." },
    { "text": "Marcus Aurelius believed justice is inner law guiding outward action." },
    { "text": "Marcus Aurelius taught that contemplating mortality sharpens priorities toward virtue." },

    { "text": "Posidonius proposed that emotion is cognitive movement, guiding future theories of psychology." },
    { "text": "Posidonius argued that the universe is interconnected, making each action part of a larger harmony." },
    { "text": "Posidonius believed philosophical outlook shapes action more than argument ever does." },

    { "text": "Hierocles argued that respecting oneself generates the capacity to respect others." },
    { "text": "Hierocles believed moral responsibility does not depend on physical proximity." },
    { "text": "Hierocles taught that reason creates solidarity across all borders." },

    { "text": "Cleanthes argued that obedience to reason frees individuals from impulse." },
    { "text": "Cleanthes believed restraint strengthens virtue because restraint shapes desire." },
    { "text": "Cleanthes taught reverence for cosmic order as a spiritual discipline." },

    { "text": "Zeno of Citium lived with minimal possessions to demonstrate the independence of virtue." },
    { "text": "Zeno of Citium believed community cultivates virtue more effectively than isolation." },

    { "text": "Seneca taught that philosophy defends the mind from fortune's unpredictability." },
    { "text": "Seneca argued that contemplating death frees individuals from fear." },
    { "text": "Seneca believed generosity strengthens social bonds more effectively than obligation." },

    { "text": "Epictetus taught that fulfilling one's role with integrity forms the backbone of ethical life." },
    { "text": "Epictetus argued that desire aligns with nature only after judgment corrects illusion." },
    { "text": "Epictetus believed speech has moral weight because speech shapes the soul." },

    { "text": "Marcus Aurelius practiced gratitude to orient the mind toward rational calm." },
    { "text": "Marcus Aurelius argued that leadership becomes corrupt when leadership forgets service." },
    { "text": "Marcus Aurelius believed that reason offers refuge from emotional storms." },

    { "text": "Cleanthes argued that moral strength emerges from disciplined habit." },
    { "text": "Cleanthes believed purpose anchors the wandering mind." },
    { "text": "Cleanthes taught that devotion to truth prepares the soul for adversity." },

    { "text": "Zeno of Citium believed virtue operates like skill: learned through practice, not rhetoric." },
    { "text": "Zeno of Citium argued that cooperating with fate strengthens serenity." },
    { "text": "Zeno of Citium taught that rational beings form a single community guided by justice." },

    { "text": "Musonius Rufus argued that education liberates individuals from ignorance." },
    { "text": "Musonius Rufus believed all human beings possess equal moral capacity." },
    { "text": "Musonius Rufus taught that restraint generates freedom by reducing dependency on desire." },

    { "text": "Cato the Younger held that principle outweighs survival when justice is at stake." },
    { "text": "Cato the Younger believed courage reveals moral identity, especially under tyranny." },

    { "text": "Marcus Aurelius argued that every action expresses character, making daily conduct a form of philosophy." },
    { "text": "Marcus Aurelius believed calm emerges when individuals understand the causes that shape events." },
    { "text": "Marcus Aurelius taught that attention roots the mind in reality instead of anxiety." },

    { "text": "Seneca argued that virtue stands firm regardless of fortune's direction." },
    { "text": "Seneca believed philosophy prepares individuals to meet every circumstance with dignity." },
    { "text": "Seneca taught that exile can wound the body but not the mind trained in reason." },

    { "text": "Marcus Aurelius argued that justice arises when individuals act according to shared human nature." },
    { "text": "Marcus Aurelius taught that humility cleans intellectual vision, preventing distortion." },
    { "text": "Marcus Aurelius believed that restraint strengthens power by preventing waste." },

    { "text": "Seneca believed loss reveals what should have been cherished intentionally." },
    { "text": "Seneca argued that patience demonstrates inner strength more convincingly than force." },
    { "text": "Seneca taught that expectations, not fate, create sorrow." },

    { "text": "Epictetus argued that the skillful use of impressions prevents emotional chaos." },
    { "text": "Epictetus believed discipline constructs the architecture of the mind." },
    { "text": "Epictetus taught that serving reason liberates individuals from serving impulse." },

    { "text": "Zeno of Citium argued that citizenship emerges from virtue rather than geography." },
    { "text": "Zeno of Citium believed that law must express the universal reason guiding all beings." },
    { "text": "Zeno of Citium taught that detachment yields tranquility by removing unnecessary desire." },

    { "text": "Hierocles argued that ethical life expands outward as compassion grows." },
    { "text": "Hierocles believed reason forms a kinship stronger than blood." },
    { "text": "Hierocles taught that self-kindness equips individuals to show compassion toward others." },

    { "text": "Musonius Rufus believed perseverance reveals moral excellence." },
    { "text": "Musonius Rufus argued that courage appears in small decisions long before dramatic ones." },
    { "text": "Musonius Rufus taught that study disciplines the soul as exercise disciplines the body." },

    { "text": "Cleanthes believed integrity arises when thoughts, words, and actions align." },
    { "text": "Cleanthes argued that reverence for truth protects the mind from arrogance." },

    { "text": "Marcus Aurelius argued that leaders must govern themselves before governing others." },
    { "text": "Marcus Aurelius taught that acceptance clarifies strategy by removing emotional fog." },
    { "text": "Marcus Aurelius believed perspective transforms obstacles into insights." },

    { "text": "Seneca argued that mercy reflects rational judgment rather than softness." },
    { "text": "Seneca believed solitude strengthens the mind when solitude is used for reflection." },
    { "text": "Seneca taught that suffering behaves like weather: transient, not defining." },

    { "text": "Epictetus argued that philosophy becomes real only when embodied in action." },
    { "text": "Epictetus believed gratitude arises when events are reframed through reason." },
    { "text": "Epictetus taught that self-respect forms the foundation of all virtue." },

    { "text": "Cato the Younger believed liberty survives only when character refuses corruption." },
    { "text": "Cato the Younger argued that duty sometimes outweighs personal safety." },
    { "text": "Cato the Younger used death as final protest against tyranny." },

    { "text": "Cicero believed reason strengthens civic virtue and stabilizes republics." },
    { "text": "Cicero argued that law expresses the universal order binding all human beings." },
    { "text": "Cicero taught that reading philosophy allows individuals to converse with the wise across centuries." },

    { "text": "Chrysippus believed ethics represents logic applied to lived experience." },
    { "text": "Chrysippus argued that philosophy trains the soul in the same way athletics trains the body." },
    { "text": "Chrysippus taught that understanding liberates individuals from superstition and fear." },

    { "text": "Posidonius believed science expands reason, deepening moral understanding." },
    { "text": "Posidonius argued that the cosmos functions as a living organism governed by harmony." },

    { "text": "Marcus Aurelius argued that compassion stems from understanding human limitation." },
    { "text": "Marcus Aurelius believed simplicity purifies judgment." },
    { "text": "Marcus Aurelius taught that nightly reflection cleans the mind." },

    { "text": "Seneca argued that anger dissolves when examined through reason's lens." },
    { "text": "Seneca believed patient endurance outperforms force." },
    { "text": "Seneca taught that self-restraint grants freedom from inner chaos." },

    { "text": "Epictetus argued that values shape life more than circumstances ever can." },
    { "text": "Epictetus believed that understanding nature's law reduces anxiety." },
    { "text": "Epictetus taught that every role, when fulfilled with care, contains dignity." },

    { "text": "Musonius Rufus believed rigorous education disciplines character." },
    { "text": "Musonius Rufus argued that simplicity removes occasions for vice." },
    { "text": "Musonius Rufus taught that justice appears in small habits long before great actions." },

    { "text": "Hierocles believed universal brotherhood arises from reason, not sentiment." },
    { "text": "Hierocles argued that ethical life expands when concern widens." },
    { "text": "Hierocles taught that compassion aligns with rational nature." },

    { "text": "Cleanthes believed courage emerges when actions align with nature." },
    { "text": "Cleanthes argued that willpower embodies the strength of philosophy." },
    { "text": "Cleanthes taught that obedience to reason forms devotion to truth." },

    { "text": "Zeno of Citium argued that every action communicates moral purpose." },
    { "text": "Zeno of Citium believed fate partners with rational beings through choice." },

    { "text": "Marcus Aurelius argued that individuals hold responsibility for the condition of their own minds." },
    { "text": "Marcus Aurelius believed attention to the present moment removes fear of the future." },

    { "text": "Seneca argued that right action stands independent of recognition." },
    { "text": "Seneca believed tranquility arises when purpose is clear." },

    { "text": "Epictetus argued that self-respect shields individuals from degradation." },
    { "text": "Epictetus taught that aligning desire with reality ends frustration." },

    { "text": "Musonius Rufus believed character develops through consistent ethical behavior." },
    { "text": "Musonius Rufus argued that study equips individuals to resist ignorance." },

    { "text": "Chrysippus believed universal order reveals the presence of reason." },
    { "text": "Chrysippus taught that virtue represents the natural state of a rational soul." },

    { "text": "Cleanthes argued that endurance demonstrates commitment to truth." },
    { "text": "Cleanthes believed gratitude reflects recognition of rational order." },

    { "text": "Posidonius taught that empirical observation enriches philosophical reasoning." },
    { "text": "Posidonius believed the universe behaves as a unified organism governed by harmony." },

    { "text": "Cato the Younger taught that consistent personal example grants greater authority than speech." },
    { "text": "Cato the Younger argued that principles guide life with more reliability than emotion." },

    { "text": "Cicero believed the republic survives through moral collaboration among citizens." },
    { "text": "Cicero argued that reason mediates conflict more effectively than force." },

    { "text": "Zeno of Citium believed virtue outweighs all external conditions." },
    { "text": "Marcus Aurelius taught that legacy consists of moral footprint, not public acclaim." }
  ]
}
