{
  "entries": [
    {
      "text": "Trauma is not what happened.\nIt’s what still happens inside you when you remember.",
      "overlay": "neo-veil-trauma"
    },
    {
      "text": "You are not broken.\nYou adapted beautifully to survive.",
      "overlay": "neo-veil-trauma"
    },
    {
      "text": "Your body did not betray you.\nIt protected you before you had language.",
      "overlay": "neo-veil-trauma"
    },
    {
      "text": "Healing is not erasing the past.\nIt’s learning to live with the volume turned down.",
      "overlay": "neo-veil-trauma"
    },
    {
      "text": "You froze because it was the safest option available.\nThat was intelligence, not weakness.",
      "overlay": "neo-veil-trauma"
    },
    {
      "text": "Safety is the soil of growth.\nYou cannot bloom in threat.",
      "overlay": "neo-veil-trauma"
    },
    {
      "text": "What feels like overreaction is often an old alarm still ringing.",
      "overlay": "neo-veil-trauma"
    },
    {
      "text": "Your nervous system does not know time.\nIt believes the danger is still happening.\nBe patient with its confusion.",
      "overlay": "neo-veil-trauma"
    },
    {
      "text": "Grief is the body’s way of metabolizing absence.",
      "overlay": "neo-veil-trauma"
    },
    {
      "text": "You cannot think your way out of trauma.\nYou must feel your way through it — slowly.",
      "overlay": "neo-veil-trauma"
    },
    {
      "text": "The trigger is not the problem.\nIt’s the unhealed wound calling for presence.",
      "overlay": "neo-veil-trauma"
    },
    {
      "text": "Your anger kept you alive.\nNow it asks to retire.",
      "overlay": "neo-veil-trauma"
    },
    {
      "text": "The opposite of trauma is not calm.\nIt’s connection.",
      "overlay": "neo-veil-trauma"
    },
    {
      "text": "You don’t need to relive it to release it.\nYour body already remembers — teach it safety instead.",
      "overlay": "neo-veil-trauma"
    },
    {
      "text": "Hypervigilance is love that forgot it’s safe now.",
      "overlay": "neo-veil-trauma"
    },
    {
      "text": "Some days healing looks like stillness.\nOthers, like chaos.\nBoth count.",
      "overlay": "neo-veil-trauma"
    },
    {
      "text": "Forgiveness is not reconciliation.\nIt’s unclenching your nervous system.",
      "overlay": "neo-veil-trauma"
    },
    {
      "text": "What you call numbness is your body’s mercy — temporary anesthesia until you’re ready to feel.",
      "overlay": "neo-veil-trauma"
    },
    {
      "text": "The body keeps score.\nHealing rewrites the game.",
      "overlay": "neo-veil-trauma"
    },
    {
      "text": "Your boundaries are not walls.\nThey are fences with gates you control.",
      "overlay": "neo-veil-trauma"
    },
    {
      "text": "You cannot rush safety.\nThe body blooms at its own tempo.",
      "overlay": "neo-veil-trauma"
    },
    {
      "text": "You survived by dissociating.\nNow you heal by returning.",
      "overlay": "neo-veil-trauma"
    },
    {
      "text": "Every panic attack ends.\nEven the longest storm has an exhale.",
      "overlay": "neo-veil-trauma"
    },
    {
      "text": "Shame grows in secrecy.\nSpeak it — light dissolves it.",
      "overlay": "neo-veil-trauma"
    },
    {
      "text": "You can’t logic away a wound born in emotion.",
      "overlay": "neo-veil-trauma"
    },
    {
      "text": "Healing is remembering you are safe in a body that once wasn’t.",
      "overlay": "neo-veil-trauma"
    },
    {
      "text": "You can love your younger self without loving what happened.",
      "overlay": "neo-veil-trauma"
    },
    {
      "text": "Recovery is cyclical, not linear.\nYou are orbiting healing, not failing it.",
      "overlay": "neo-veil-trauma"
    },
    {
      "text": "Your nervous system doesn’t need perfection.\nIt needs predictability and gentleness.",
      "overlay": "neo-veil-trauma"
    },
    {
      "text": "The opposite of dissociation is not pain.\nIt’s presence.",
      "overlay": "neo-veil-trauma"
    },
    {
      "text": "Even silence was once self-defense.\nThank it, then outgrow it.",
      "overlay": "neo-veil-trauma"
    },
    {
      "text": "The flashback is the body asking, ‘Is it safe yet?’\nAnswer softly.",
      "overlay": "neo-veil-trauma"
    },
    {
      "text": "You are not behind.\nHealing moves at the speed of trust.",
      "overlay": "neo-veil-trauma"
    },
    {
      "text": "Trauma taught you to predict danger.\nHealing teaches you to predict peace.",
      "overlay": "neo-veil-trauma"
    },
    {
      "text": "You learned to disappear to stay alive.\nNow you’re learning to appear and stay loved.",
      "overlay": "neo-veil-trauma"
    },
    {
      "text": "Sometimes survival looks like hypercontrol.\nHealing looks like exhale.",
      "overlay": "neo-veil-trauma"
    },
    {
      "text": "Your body has been waiting your whole life for your tenderness.",
      "overlay": "neo-veil-trauma"
    },
    {
      "text": "You can’t skip the ache.\nIt’s the part that teaches meaning.",
      "overlay": "neo-veil-trauma"
    },
    {
      "text": "Healing isn’t about forgetting.\nIt’s about remembering without drowning.",
      "overlay": "neo-veil-trauma"
    },
    {
      "text": "Even trauma can become teacher when seen through mercy.",
      "overlay": "neo-veil-trauma"
    }
  ]
}
